{
  "state_order": [
    "x",
    "x_dot",
    "theta",
    "theta_dot"
  ],
  "units": {
    "x": "m",
    "x_dot": "m/s",
    "theta": "rad",
    "theta_dot": "rad/s",
    "force": "N",
    "time": "s"
  },
  "num_trajectories": 500,
  "num_samples": 1000,
  "dt": 0.01001001001001001,
  "params": {
    "M": 1.0,
    "m": 0.2,
    "l": 0.5,
    "g": 9.81
  },
  "simulation_settings": {
    "t_end": 10.0,
    "num_samples": 1000,
    "solver_method": "DOP853",
    "rtol": 1e-08,
    "atol": 1e-10
  },
  "dataset_config": {
    "num_trajectories": 500,
    "dt_force": 0.1,
    "sigma_force": 0.08,
    "force_max": 1.0,
    "enforce_sign_balance": true,
    "max_attempts": 2500,
    "base_seed": 12345,
    "num_workers": 1
  },
  "derived_initial_state": [
    0.014470631113488754,
    0.06920296049749634,
    0.17453292519943295,
    0.8432555407189648
  ],
  "derived_initial_state_crossing_time": 4.333112897144156,
  "theta_target_deg": 10.0,
  "impulse_force": 0.01,
  "attempts_used": 500,
  "seeds": [
    12345,
    12346,
    12347,
    12348,
    12349,
    12350,
    12351,
    12352,
    12353,
    12354,
    12355,
    12356,
    12357,
    12358,
    12359,
    12360,
    12361,
    12362,
    12363,
    12364,
    12365,
    12366,
    12367,
    12368,
    12369,
    12370,
    12371,
    12372,
    12373,
    12374,
    12375,
    12376,
    12377,
    12378,
    12379,
    12380,
    12381,
    12382,
    12383,
    12384,
    12385,
    12386,
    12387,
    12388,
    12389,
    12390,
    12391,
    12392,
    12393,
    12394,
    12395,
    12396,
    12397,
    12398,
    12399,
    12400,
    12401,
    12402,
    12403,
    12404,
    12405,
    12406,
    12407,
    12408,
    12409,
    12410,
    12411,
    12412,
    12413,
    12414,
    12415,
    12416,
    12417,
    12418,
    12419,
    12420,
    12421,
    12422,
    12423,
    12424,
    12425,
    12426,
    12427,
    12428,
    12429,
    12430,
    12431,
    12432,
    12433,
    12434,
    12435,
    12436,
    12437,
    12438,
    12439,
    12440,
    12441,
    12442,
    12443,
    12444,
    12445,
    12446,
    12447,
    12448,
    12449,
    12450,
    12451,
    12452,
    12453,
    12454,
    12455,
    12456,
    12457,
    12458,
    12459,
    12460,
    12461,
    12462,
    12463,
    12464,
    12465,
    12466,
    12467,
    12468,
    12469,
    12470,
    12471,
    12472,
    12473,
    12474,
    12475,
    12476,
    12477,
    12478,
    12479,
    12480,
    12481,
    12482,
    12483,
    12484,
    12485,
    12486,
    12487,
    12488,
    12489,
    12490,
    12491,
    12492,
    12493,
    12494,
    12495,
    12496,
    12497,
    12498,
    12499,
    12500,
    12501,
    12502,
    12503,
    12504,
    12505,
    12506,
    12507,
    12508,
    12509,
    12510,
    12511,
    12512,
    12513,
    12514,
    12515,
    12516,
    12517,
    12518,
    12519,
    12520,
    12521,
    12522,
    12523,
    12524,
    12525,
    12526,
    12527,
    12528,
    12529,
    12530,
    12531,
    12532,
    12533,
    12534,
    12535,
    12536,
    12537,
    12538,
    12539,
    12540,
    12541,
    12542,
    12543,
    12544,
    12545,
    12546,
    12547,
    12548,
    12549,
    12550,
    12551,
    12552,
    12553,
    12554,
    12555,
    12556,
    12557,
    12558,
    12559,
    12560,
    12561,
    12562,
    12563,
    12564,
    12565,
    12566,
    12567,
    12568,
    12569,
    12570,
    12571,
    12572,
    12573,
    12574,
    12575,
    12576,
    12577,
    12578,
    12579,
    12580,
    12581,
    12582,
    12583,
    12584,
    12585,
    12586,
    12587,
    12588,
    12589,
    12590,
    12591,
    12592,
    12593,
    12594,
    12595,
    12596,
    12597,
    12598,
    12599,
    12600,
    12601,
    12602,
    12603,
    12604,
    12605,
    12606,
    12607,
    12608,
    12609,
    12610,
    12611,
    12612,
    12613,
    12614,
    12615,
    12616,
    12617,
    12618,
    12619,
    12620,
    12621,
    12622,
    12623,
    12624,
    12625,
    12626,
    12627,
    12628,
    12629,
    12630,
    12631,
    12632,
    12633,
    12634,
    12635,
    12636,
    12637,
    12638,
    12639,
    12640,
    12641,
    12642,
    12643,
    12644,
    12645,
    12646,
    12647,
    12648,
    12649,
    12650,
    12651,
    12652,
    12653,
    12654,
    12655,
    12656,
    12657,
    12658,
    12659,
    12660,
    12661,
    12662,
    12663,
    12664,
    12665,
    12666,
    12667,
    12668,
    12669,
    12670,
    12671,
    12672,
    12673,
    12674,
    12675,
    12676,
    12677,
    12678,
    12679,
    12680,
    12681,
    12682,
    12683,
    12684,
    12685,
    12686,
    12687,
    12688,
    12689,
    12690,
    12691,
    12692,
    12693,
    12694,
    12695,
    12696,
    12697,
    12698,
    12699,
    12700,
    12701,
    12702,
    12703,
    12704,
    12705,
    12706,
    12707,
    12708,
    12709,
    12710,
    12711,
    12712,
    12713,
    12714,
    12715,
    12716,
    12717,
    12718,
    12719,
    12720,
    12721,
    12722,
    12723,
    12724,
    12725,
    12726,
    12727,
    12728,
    12729,
    12730,
    12731,
    12732,
    12733,
    12734,
    12735,
    12736,
    12737,
    12738,
    12739,
    12740,
    12741,
    12742,
    12743,
    12744,
    12745,
    12746,
    12747,
    12748,
    12749,
    12750,
    12751,
    12752,
    12753,
    12754,
    12755,
    12756,
    12757,
    12758,
    12759,
    12760,
    12761,
    12762,
    12763,
    12764,
    12765,
    12766,
    12767,
    12768,
    12769,
    12770,
    12771,
    12772,
    12773,
    12774,
    12775,
    12776,
    12777,
    12778,
    12779,
    12780,
    12781,
    12782,
    12783,
    12784,
    12785,
    12786,
    12787,
    12788,
    12789,
    12790,
    12791,
    12792,
    12793,
    12794,
    12795,
    12796,
    12797,
    12798,
    12799,
    12800,
    12801,
    12802,
    12803,
    12804,
    12805,
    12806,
    12807,
    12808,
    12809,
    12810,
    12811,
    12812,
    12813,
    12814,
    12815,
    12816,
    12817,
    12818,
    12819,
    12820,
    12821,
    12822,
    12823,
    12824,
    12825,
    12826,
    12827,
    12828,
    12829,
    12830,
    12831,
    12832,
    12833,
    12834,
    12835,
    12836,
    12837,
    12838,
    12839,
    12840,
    12841,
    12842,
    12843,
    12844
  ]
}